,vocalization,mother,year,nest,postnatalday,event,recording,clust2,clust3,clust4,clust5,clust6,clust7,clust8
0,1,b'E',19,b'E3',1,14,62,2,2,2,3,4,4,5
1,1,b'E',19,b'E3',1,13,62,1,1,1,2,2,2,2
2,1,b'E',19,b'E3',1,15,62,2,2,2,3,4,4,5
3,1,b'E',19,b'E3',1,19,62,2,3,3,4,5,5,6
4,1,b'E',19,b'E3',1,21,62,2,2,2,3,4,4,5
5,1,b'E',19,b'E3',1,1,62,2,2,2,3,3,3,4
6,1,b'E',19,b'E3',1,25,62,2,2,2,3,4,4,5
7,1,b'E',19,b'E3',1,17,62,2,3,3,4,5,5,6
8,1,b'E',19,b'E3',1,16,62,2,3,3,4,5,5,6
9,1,b'E',19,b'E3',1,22,62,2,3,3,4,5,5,6
10,1,b'E',19,b'E3',1,23,62,2,2,2,3,4,4,5
11,1,b'E',19,b'E3',1,29,62,2,2,2,3,4,4,5
12,1,b'E',19,b'E3',1,26,62,2,3,3,4,5,5,6
13,1,b'E',19,b'E3',1,18,62,2,3,3,4,5,5,6
14,1,b'E',19,b'E3',1,32,62,2,2,2,3,3,3,4
15,1,b'E',19,b'E3',1,24,62,2,2,2,3,3,3,4
16,1,b'E',19,b'E3',1,36,62,2,2,2,3,4,4,5
17,1,b'E',19,b'E3',1,33,62,2,2,2,3,3,3,4
18,1,b'E',19,b'E3',1,30,62,2,2,2,3,4,4,5
19,1,b'E',19,b'E3',1,20,62,2,2,2,3,4,4,5
20,1,b'E',19,b'E3',1,27,62,2,3,3,4,5,5,6
21,1,b'E',19,b'E3',1,4,63,2,3,3,4,5,5,6
22,1,b'E',19,b'E3',1,2,63,2,2,2,3,4,4,5
23,1,b'E',19,b'E3',1,34,62,2,2,2,3,3,3,4
24,1,b'E',19,b'E3',1,31,62,2,3,4,5,6,6,7
25,1,b'E',19,b'E3',1,9,63,2,3,3,4,5,5,6
26,1,b'E',19,b'E3',1,35,62,2,2,2,3,3,3,4
27,1,b'E',19,b'E3',1,5,63,2,3,3,4,5,5,6
28,1,b'E',19,b'E3',1,12,63,2,2,2,3,3,3,4
29,1,b'E',19,b'E3',1,8,63,2,2,2,3,3,3,4
30,1,b'E',19,b'E3',1,28,62,2,3,4,5,6,6,7
31,1,b'E',19,b'E3',1,13,63,2,3,3,4,5,5,6
32,1,b'E',19,b'E3',1,3,63,2,3,3,4,5,5,6
33,1,b'E',19,b'E3',1,1,63,2,2,2,3,4,4,5
34,1,b'E',19,b'E3',1,14,63,2,3,3,4,5,5,6
35,1,b'E',19,b'E3',1,20,63,2,3,3,4,5,5,6
36,1,b'E',19,b'E3',1,7,63,2,2,2,3,4,4,5
37,1,b'E',19,b'E3',1,22,63,2,3,4,5,6,6,7
38,1,b'E',19,b'E3',1,18,63,2,2,2,3,4,4,5
39,1,b'E',19,b'E3',1,15,63,2,3,3,4,5,5,6
40,1,b'E',19,b'E3',1,19,63,2,3,3,4,5,5,6
41,1,b'E',19,b'E3',1,21,63,2,3,4,5,6,6,7
42,1,b'E',19,b'E3',1,11,63,2,3,3,4,5,5,6
43,1,b'E',19,b'E3',1,3,64,2,3,4,5,6,6,7
44,1,b'E',19,b'E3',1,23,63,2,2,2,3,4,4,5
45,1,b'E',19,b'E3',1,6,63,2,3,3,4,5,5,6
46,1,b'E',19,b'E3',1,2,64,2,3,4,5,6,6,7
47,1,b'E',19,b'E3',1,4,64,2,2,2,3,4,4,5
48,1,b'E',19,b'E3',1,10,63,2,2,2,3,4,4,5
49,1,b'E',19,b'E3',1,9,64,1,1,1,2,2,2,3
50,1,b'E',19,b'E3',1,1,64,2,3,4,5,6,6,7
51,1,b'E',19,b'E3',1,18,64,2,2,2,3,3,3,4
52,1,b'E',19,b'E3',1,14,64,2,3,4,5,6,6,7
53,1,b'E',19,b'E3',1,21,64,2,2,2,3,4,4,5
54,1,b'E',19,b'E3',1,12,64,2,2,2,3,3,3,4
55,1,b'E',19,b'E3',1,5,64,2,2,2,3,4,4,5
56,1,b'E',19,b'E3',1,20,64,2,2,2,3,4,4,5
57,1,b'E',19,b'E3',1,30,64,2,2,2,3,3,3,4
58,1,b'E',19,b'E3',1,28,64,2,3,3,4,5,5,6
59,1,b'E',19,b'E3',1,33,64,2,3,3,4,5,5,6
60,1,b'E',19,b'E3',1,29,64,2,3,3,4,5,5,6
61,1,b'E',19,b'E3',1,8,64,1,1,1,2,2,2,3
62,1,b'E',19,b'E3',1,17,63,2,2,2,3,4,4,5
63,1,b'E',19,b'E3',1,36,64,2,3,3,4,5,5,6
64,1,b'E',19,b'E3',1,23,64,2,2,2,3,3,3,4
65,1,b'E',19,b'E3',1,40,64,2,2,2,3,4,4,5
66,1,b'E',19,b'E3',1,38,64,2,3,3,4,5,5,6
67,1,b'E',19,b'E3',1,32,64,2,2,2,3,4,4,5
68,1,b'E',19,b'E3',1,26,64,2,2,2,3,4,4,5
69,1,b'E',19,b'E3',1,39,64,2,3,3,4,5,5,6
70,1,b'E',19,b'E3',1,35,64,2,3,3,4,5,5,6
71,1,b'E',19,b'E3',1,6,64,2,3,3,4,5,5,6
72,1,b'E',19,b'E3',1,34,64,2,3,3,4,5,5,6
73,1,b'E',19,b'E2',9,1,126,2,3,4,5,6,7,8
74,1,b'E',19,b'E2',9,5,125,2,3,4,5,6,6,7
75,1,b'E',19,b'E2',9,16,126,2,3,4,5,6,7,8
76,1,b'E',19,b'E2',9,3,127,2,3,4,5,6,7,8
77,1,b'E',19,b'E2',9,1,127,2,3,4,5,6,6,7
78,1,b'E',19,b'E2',9,17,126,2,3,3,4,5,5,6
79,1,b'E',19,b'E2',9,15,126,2,3,4,5,6,7,8
80,1,b'E',19,b'E2',9,7,125,2,2,2,3,4,4,5
81,1,b'U',19,b'U5',1,1,51,2,3,4,5,6,6,7
82,1,b'U',19,b'U5',1,2,51,2,3,3,4,5,5,6
83,1,b'U',19,b'U5',1,4,51,1,1,1,2,2,2,2
84,1,b'U',19,b'U5',1,6,51,2,3,3,4,5,5,6
85,1,b'U',19,b'U5',1,3,51,2,2,2,3,4,4,5
86,1,b'U',19,b'U5',1,5,51,2,3,3,4,5,5,6
87,1,b'U',19,b'U5',1,7,51,2,3,4,5,6,6,7
88,1,b'U',19,b'U5',1,12,51,2,3,4,5,6,6,7
89,1,b'E',19,b'E2',9,2,127,2,3,4,5,6,6,7
90,1,b'U',19,b'U5',1,14,51,2,3,4,5,6,6,7
91,1,b'U',19,b'U5',1,16,51,2,3,4,5,6,6,7
92,1,b'U',19,b'U5',1,17,51,2,3,3,4,5,5,6
93,1,b'U',19,b'U5',1,8,51,2,3,3,4,5,5,6
94,1,b'U',19,b'U5',1,13,51,2,3,3,4,5,5,6
95,1,b'U',19,b'U5',1,21,51,2,3,4,5,6,6,7
96,1,b'U',19,b'U5',1,23,51,2,3,3,4,5,5,6
97,1,b'U',19,b'U5',1,22,51,2,3,3,4,5,5,6
98,1,b'E',19,b'E2',9,14,126,2,3,4,5,6,7,8
99,1,b'U',19,b'U5',1,18,51,2,3,3,4,5,5,6
100,1,b'U',19,b'U5',1,5,52,2,3,4,5,6,6,7
101,1,b'U',19,b'U5',1,10,51,2,3,3,4,5,5,6
102,1,b'U',19,b'U5',1,2,52,2,3,3,4,5,5,6
103,1,b'U',19,b'U5',1,8,52,2,3,4,5,6,6,7
104,1,b'U',19,b'U5',1,20,51,2,3,3,4,5,5,6
105,1,b'U',19,b'U5',1,7,52,2,3,4,5,6,6,7
106,1,b'U',19,b'U5',1,1,52,2,3,3,4,5,5,6
107,1,b'U',19,b'U5',1,3,52,2,3,4,5,6,6,7
108,1,b'U',19,b'U5',1,15,51,2,3,4,5,6,6,7
109,1,b'U',19,b'U5',1,6,52,2,3,4,5,6,6,7
110,1,b'U',19,b'U5',1,13,52,2,3,4,5,6,6,7
111,1,b'U',19,b'U5',1,9,52,2,3,4,5,6,6,7
112,1,b'U',19,b'U5',1,19,51,2,3,4,5,6,6,7
113,1,b'U',19,b'U5',1,17,52,2,3,4,5,6,6,7
114,1,b'U',19,b'U5',1,4,52,2,3,3,4,5,5,6
115,1,b'U',19,b'U5',1,18,52,2,3,4,5,6,6,7
116,1,b'U',19,b'U5',1,11,52,2,2,2,3,4,4,5
117,1,b'U',19,b'U5',1,23,52,2,3,4,5,6,6,7
118,1,b'U',19,b'U5',1,11,51,2,3,3,4,5,5,6
119,1,b'U',19,b'U5',1,26,52,2,3,3,4,5,5,6
120,1,b'U',19,b'U5',1,22,52,2,3,3,4,5,5,6
121,1,b'U',19,b'U5',1,28,52,2,3,4,5,6,6,7
122,1,b'U',19,b'U5',1,21,52,2,3,3,4,5,5,6
123,1,b'U',19,b'U5',1,24,52,2,3,4,5,6,6,7
124,1,b'U',19,b'U5',1,3,53,2,2,2,3,4,4,5
125,1,b'U',19,b'U5',1,19,52,2,3,3,4,5,5,6
126,1,b'U',19,b'U5',1,2,53,2,3,4,5,6,6,7
127,1,b'U',19,b'U5',1,20,52,2,3,3,4,5,5,6
128,1,b'U',19,b'U5',1,5,53,1,1,1,2,2,2,3
129,1,b'U',19,b'U5',1,4,53,1,1,1,2,2,2,2
130,1,b'U',19,b'U5',1,9,53,2,3,3,4,5,5,6
131,1,b'U',19,b'U5',1,25,52,2,3,4,5,6,6,7
132,1,b'U',19,b'U5',1,15,52,2,2,2,3,3,3,4
133,1,b'U',19,b'U5',1,27,52,2,3,4,5,6,6,7
134,1,b'U',19,b'U5',1,11,53,2,3,4,5,6,6,7
135,1,b'U',19,b'U5',1,12,53,2,3,3,4,5,5,6
136,1,b'U',19,b'U5',1,14,52,2,3,4,5,6,6,7
137,1,b'U',19,b'U5',1,10,53,2,3,3,4,5,5,6
138,1,b'U',19,b'U5',1,6,53,2,2,2,3,3,3,4
139,1,b'U',19,b'U5',1,7,53,2,2,2,3,3,3,4
140,1,b'U',19,b'U5',1,22,53,2,3,4,5,6,6,7
141,1,b'U',19,b'U5',1,13,53,2,3,3,4,5,5,6
142,1,b'U',19,b'U5',1,25,53,2,3,3,4,5,5,6
143,1,b'U',19,b'U5',1,26,53,2,3,3,4,5,5,6
144,1,b'U',19,b'U5',1,8,53,2,2,2,3,4,4,5
145,1,b'U',19,b'U5',1,14,53,2,3,3,4,5,5,6
146,1,b'U',19,b'U5',1,12,52,2,3,4,5,6,6,7
147,1,b'U',19,b'U5',1,23,53,2,3,4,5,6,6,7
148,1,b'U',19,b'U2',1,3,16,2,2,2,3,3,3,4
149,1,b'U',19,b'U2',1,90,16,2,2,2,3,3,3,4
150,1,b'U',19,b'U5',1,21,53,2,3,3,4,5,5,6
151,1,b'U',19,b'U2',1,92,16,2,2,2,3,3,3,4
152,1,b'U',19,b'U2',1,2,16,2,2,2,3,3,3,4
153,1,b'U',19,b'U5',1,24,53,2,3,4,5,6,6,7
154,1,b'U',19,b'U2',1,89,16,2,2,2,3,3,3,4
155,1,b'U',19,b'U2',1,11,17,2,3,3,4,5,5,6
156,1,b'U',19,b'U5',1,27,53,2,3,3,4,5,5,6
157,1,b'U',19,b'U2',1,15,17,2,3,3,4,5,5,6
158,1,b'U',19,b'U2',1,8,17,2,3,3,4,5,5,6
159,1,b'U',19,b'U2',1,1,16,2,3,4,5,6,6,7
160,1,b'U',19,b'U2',1,14,17,2,3,3,4,5,5,6
161,1,b'U',19,b'U2',1,68,16,2,3,3,4,5,5,6
162,1,b'U',19,b'U2',1,20,17,2,2,2,3,3,3,4
163,1,b'U',19,b'U2',1,24,17,2,2,2,3,4,4,5
164,1,b'U',19,b'U2',1,23,17,2,2,2,3,4,4,5
165,1,b'U',19,b'U2',1,9,17,2,2,2,3,4,4,5
166,1,b'U',19,b'U2',1,21,17,2,2,2,3,3,3,4
167,1,b'U',19,b'U2',1,5,16,2,2,2,3,4,4,5
168,1,b'U',19,b'U2',1,33,17,2,2,2,3,3,3,4
169,1,b'U',19,b'U2',1,13,17,2,3,3,4,5,5,6
170,1,b'U',19,b'U2',1,26,17,2,2,2,3,3,3,4
171,1,b'U',19,b'U2',1,22,17,2,3,3,4,5,5,6
172,1,b'U',19,b'U2',1,12,17,2,2,2,3,4,4,5
173,1,b'U',19,b'U2',1,30,17,2,3,3,4,5,5,6
174,1,b'U',19,b'U3',1,1,5,2,3,3,4,5,5,6
175,1,b'U',19,b'U2',1,27,17,2,3,3,4,5,5,6
176,1,b'U',19,b'U3',1,5,5,2,3,3,4,5,5,6
177,1,b'U',19,b'U2',1,25,17,2,3,3,4,5,5,6
178,1,b'U',19,b'U2',1,32,17,2,3,3,4,5,5,6
179,1,b'U',19,b'U3',1,2,5,2,3,3,4,5,5,6
180,1,b'U',19,b'U2',1,29,17,2,2,2,3,4,4,5
181,1,b'U',19,b'U3',1,1,6,2,3,3,4,5,5,6
182,1,b'U',19,b'U3',1,8,5,2,3,3,4,5,5,6
183,1,b'U',19,b'U3',1,4,6,2,2,2,3,3,3,4
184,1,b'U',19,b'U3',1,3,5,2,3,3,4,5,5,6
185,1,b'U',19,b'U3',1,3,6,2,2,2,3,4,4,5
186,1,b'U',19,b'U3',1,6,5,2,3,3,4,5,5,6
187,1,b'U',19,b'U3',1,5,6,2,2,2,3,3,3,4
188,1,b'U',19,b'U3',1,7,6,2,3,4,5,6,6,7
189,1,b'U',19,b'U3',1,12,6,2,3,3,4,5,5,6
190,1,b'U',19,b'U3',1,8,6,2,2,2,3,4,4,5
191,1,b'U',19,b'U3',1,11,6,2,3,3,4,5,5,6
192,1,b'U',19,b'U3',1,6,6,2,2,2,3,3,3,4
193,1,b'U',19,b'U3',1,4,5,2,3,3,4,5,5,6
194,1,b'U',19,b'U3',1,1,7,2,3,3,4,5,5,6
195,1,b'U',19,b'U3',1,5,7,2,2,2,3,4,4,5
196,1,b'U',19,b'U3',1,7,5,2,3,4,5,6,6,7
197,1,b'U',19,b'U3',1,8,7,2,2,2,3,3,3,4
198,1,b'U',19,b'U3',1,4,7,2,3,4,5,6,7,8
199,1,b'U',19,b'U3',1,2,6,2,3,3,4,5,5,6
200,1,b'U',19,b'U3',1,9,7,2,2,2,3,3,3,4
201,1,b'U',19,b'U3',1,7,7,2,2,2,3,4,4,5
202,1,b'U',19,b'U3',1,16,7,2,2,2,3,4,4,5
203,1,b'U',19,b'U3',1,10,6,2,2,2,3,4,4,5
204,1,b'U',19,b'U3',1,18,7,2,2,2,3,4,4,5
205,1,b'U',19,b'U3',1,13,7,2,2,2,3,3,3,4
206,1,b'U',19,b'U3',1,14,7,2,3,3,4,5,5,6
207,1,b'U',19,b'U3',1,19,7,2,3,3,4,5,5,6
208,1,b'U',19,b'U3',1,1,8,2,3,3,4,5,5,6
209,1,b'U',19,b'U3',1,2,7,2,3,3,4,5,5,6
210,1,b'E',19,b'E3',9,3,82,2,3,3,4,5,5,6
211,1,b'U',19,b'U3',1,3,7,2,2,2,3,4,4,5
212,1,b'E',19,b'E3',9,14,82,2,3,4,5,6,7,8
213,1,b'U',19,b'U3',1,9,6,2,3,3,4,5,5,6
214,1,b'E',19,b'E3',9,16,82,2,3,3,4,5,5,6
215,1,b'U',19,b'U3',1,20,7,2,2,2,3,4,4,5
216,1,b'U',19,b'U3',1,15,7,2,3,3,4,5,5,6
217,1,b'E',19,b'E3',9,18,82,2,3,3,4,5,5,6
218,1,b'E',19,b'E3',9,19,82,2,3,4,5,6,6,7
219,1,b'E',19,b'E3',9,15,82,2,3,3,4,5,5,6
220,1,b'E',19,b'E3',9,26,82,2,3,4,5,6,7,8
221,1,b'E',19,b'E3',9,30,82,2,3,4,5,6,6,7
222,1,b'E',19,b'E3',9,25,82,2,3,4,5,6,7,8
223,1,b'U',19,b'U3',1,6,7,2,2,2,3,4,4,5
224,1,b'E',19,b'E3',9,33,82,2,3,3,4,5,5,6
225,1,b'U',19,b'U3',1,17,7,2,2,2,3,4,4,5
226,1,b'E',19,b'E3',9,28,82,2,3,4,5,6,6,7
227,1,b'E',19,b'E3',9,27,82,2,3,3,4,5,5,6
228,1,b'E',19,b'E3',9,35,82,2,3,4,5,6,7,8
229,1,b'E',19,b'E3',9,37,82,2,3,3,4,5,5,6
230,1,b'E',19,b'E3',9,29,82,2,3,4,5,6,6,7
231,1,b'E',19,b'E3',9,17,82,2,2,2,3,4,4,5
232,1,b'E',19,b'E3',9,44,82,2,3,4,5,6,6,7
233,1,b'E',19,b'E3',9,31,82,2,3,3,4,5,5,6
234,1,b'E',19,b'E3',9,3,83,2,2,2,3,4,4,5
235,1,b'E',19,b'E3',9,38,82,2,3,4,5,6,7,8
236,1,b'E',19,b'E3',9,2,83,2,3,4,5,6,6,7
237,1,b'E',19,b'E3',9,36,82,2,3,3,4,5,5,6
238,1,b'E',19,b'E3',9,6,83,2,3,4,5,6,7,8
239,1,b'E',19,b'E3',9,4,83,2,2,2,3,4,4,5
240,1,b'E',19,b'E3',9,34,82,2,2,2,3,4,4,5
241,1,b'E',19,b'E3',9,11,83,2,3,4,5,6,7,8
242,1,b'E',19,b'E3',9,43,82,2,3,3,4,5,5,6
243,1,b'E',19,b'E3',9,39,82,2,3,3,4,5,5,6
244,1,b'E',19,b'E3',9,12,83,2,3,4,5,6,7,8
245,1,b'E',19,b'E3',9,40,82,2,3,3,4,5,5,6
246,1,b'E',19,b'E3',9,13,83,2,3,4,5,6,6,7
247,1,b'E',19,b'E3',9,15,83,2,3,4,5,6,7,8
248,1,b'E',19,b'E3',9,5,83,2,2,2,3,4,4,5
249,1,b'E',19,b'E3',9,14,83,2,3,4,5,6,7,8
250,1,b'E',19,b'E3',9,22,83,2,3,3,4,5,5,6
251,1,b'E',19,b'E3',9,9,83,2,3,4,5,6,7,8
252,1,b'E',19,b'E3',9,8,83,2,3,4,5,6,7,8
253,1,b'E',19,b'E3',9,19,83,2,3,3,4,5,5,6
254,1,b'E',19,b'E3',9,26,83,2,3,4,5,6,6,7
255,1,b'E',19,b'E3',9,23,83,2,3,4,5,6,6,7
256,1,b'E',19,b'E3',9,28,83,2,2,2,3,3,3,4
257,1,b'E',19,b'E3',9,24,83,2,2,2,3,4,4,5
258,1,b'E',19,b'E3',9,20,83,2,2,2,3,4,4,5
259,1,b'E',19,b'E3',9,7,83,2,3,4,5,6,7,8
260,1,b'E',19,b'E3',9,25,83,2,3,4,5,6,6,7
261,1,b'E',19,b'E3',9,32,82,2,3,4,5,6,6,7
262,1,b'E',19,b'E3',9,58,83,2,3,4,5,6,7,8
263,1,b'E',19,b'E3',9,27,83,2,3,3,4,5,5,6
264,1,b'E',19,b'E3',9,10,83,2,3,4,5,6,7,8
265,1,b'E',19,b'E3',9,246,84,2,3,4,5,6,7,8
266,1,b'E',19,b'E3',9,261,84,2,2,2,3,3,3,4
267,1,b'E',19,b'E3',9,280,84,2,3,4,5,6,7,8
268,1,b'E',19,b'E5',1,1,100,2,2,2,3,4,4,5
269,1,b'E',19,b'E5',1,5,100,2,3,3,4,5,5,6
270,1,b'E',19,b'E5',1,4,100,2,3,3,4,5,5,6
271,1,b'E',19,b'E5',1,6,100,2,3,4,5,6,7,8
272,1,b'E',19,b'E5',1,2,100,2,3,4,5,6,6,7
273,1,b'E',19,b'E5',1,3,100,2,2,2,3,4,4,5
274,1,b'E',19,b'E5',1,8,100,2,3,3,4,5,5,6
275,1,b'E',19,b'E5',1,7,100,2,3,4,5,6,6,7
276,1,b'E',19,b'E5',1,16,100,2,2,2,3,3,3,4
277,1,b'E',19,b'E5',1,17,100,2,2,2,3,4,4,5
278,1,b'E',19,b'E5',1,13,100,2,2,2,3,4,4,5
279,1,b'E',19,b'E5',1,21,100,2,3,3,4,5,5,6
280,1,b'E',19,b'E5',1,18,100,2,2,2,3,4,4,5
281,1,b'E',19,b'E5',1,9,100,2,3,3,4,5,5,6
282,1,b'E',19,b'E5',1,15,100,2,3,3,4,5,5,6
283,1,b'E',19,b'E5',1,23,100,2,3,4,5,6,6,7
284,1,b'E',19,b'E5',1,28,100,2,2,2,3,3,3,4
285,1,b'E',19,b'E5',1,11,100,2,3,3,4,5,5,6
286,1,b'E',19,b'E5',1,14,100,2,3,3,4,5,5,6
287,1,b'E',19,b'E5',1,25,100,2,3,4,5,6,6,7
288,1,b'E',19,b'E5',1,27,100,2,3,3,4,5,5,6
289,1,b'E',19,b'E5',1,26,100,2,3,4,5,6,6,7
290,1,b'E',19,b'E5',1,9,101,2,2,2,3,3,3,4
291,1,b'E',19,b'E5',1,10,101,2,2,2,3,3,3,4
292,1,b'E',19,b'E5',1,1,101,2,3,3,4,5,5,6
293,1,b'E',19,b'E5',1,24,100,2,3,4,5,6,6,7
294,1,b'E',19,b'E5',1,12,100,2,3,3,4,5,5,6
295,1,b'E',19,b'E5',1,6,101,2,2,2,3,4,4,5
296,1,b'E',19,b'E5',1,22,100,1,1,1,2,2,2,3
297,1,b'E',19,b'E5',1,14,101,2,2,2,3,4,4,5
298,1,b'E',19,b'E5',1,17,101,2,2,2,3,4,4,5
299,1,b'E',19,b'E5',1,13,101,2,2,2,3,4,4,5
300,1,b'E',19,b'E5',1,15,101,2,2,2,3,4,4,5
301,1,b'E',19,b'E5',1,3,102,2,2,2,3,4,4,5
302,1,b'E',19,b'E5',1,7,102,2,2,2,3,4,4,5
303,1,b'E',19,b'E5',1,11,101,2,2,2,3,4,4,5
304,1,b'E',19,b'E5',1,1,102,2,2,2,3,4,4,5
305,1,b'E',19,b'E5',1,12,102,2,3,3,4,5,5,6
306,1,b'E',19,b'E5',1,2,102,2,2,2,3,4,4,5
307,1,b'E',19,b'E5',1,14,102,2,3,4,5,6,6,7
308,1,b'E',19,b'E5',1,6,102,2,2,2,3,4,4,5
309,1,b'E',19,b'E5',1,16,101,2,3,3,4,5,5,6
310,1,b'E',19,b'E5',1,18,101,2,2,2,3,4,4,5
311,1,b'E',19,b'E5',1,18,102,2,2,2,3,4,4,5
312,1,b'E',19,b'E5',1,13,102,2,2,2,3,4,4,5
313,1,b'E',19,b'E5',1,8,102,2,2,2,3,3,3,4
314,1,b'E',19,b'E5',1,16,102,2,3,3,4,5,5,6
315,1,b'E',19,b'E5',1,19,102,2,2,2,3,4,4,5
316,1,b'E',19,b'E5',1,20,102,2,3,4,5,6,6,7
317,1,b'E',19,b'E5',1,17,102,2,2,2,3,4,4,5
318,1,b'E',19,b'E5',1,11,102,2,2,2,3,4,4,5
319,1,b'E',19,b'E5',1,24,102,2,3,4,5,6,6,7
320,1,b'E',19,b'E5',1,22,102,2,2,2,3,4,4,5
321,1,b'E',19,b'E5',1,27,102,2,2,2,3,4,4,5
322,1,b'E',19,b'E5',1,15,102,2,2,2,3,4,4,5
323,1,b'E',19,b'E5',1,19,101,2,3,3,4,5,5,6
324,1,b'E',19,b'E5',5,4,105,2,3,3,4,5,5,6
325,1,b'E',19,b'E5',5,3,105,2,3,3,4,5,5,6
326,1,b'E',19,b'E5',1,25,102,2,3,3,4,5,5,6
327,1,b'E',19,b'E5',5,2,105,2,2,2,3,4,4,5
328,1,b'E',19,b'E5',1,23,102,2,3,4,5,6,6,7
329,1,b'E',19,b'E5',1,26,102,2,3,3,4,5,5,6
330,1,b'E',19,b'E5',5,1,105,2,2,2,3,4,4,5
331,1,b'E',19,b'E5',5,5,105,2,3,3,4,5,5,6
332,1,b'E',19,b'E5',1,29,102,2,2,2,3,3,3,4
333,1,b'E',19,b'E5',5,16,105,2,3,3,4,5,5,6
334,1,b'E',19,b'E5',5,20,105,1,1,1,1,1,1,1
335,1,b'E',19,b'E5',5,7,105,2,2,2,3,4,4,5
336,1,b'E',19,b'E5',5,12,105,2,2,2,3,3,3,4
337,1,b'E',19,b'E5',1,20,101,2,2,2,3,3,3,4
338,1,b'E',19,b'E5',5,17,105,2,2,2,3,4,4,5
339,1,b'E',19,b'E5',5,6,106,2,2,2,3,4,4,5
340,1,b'E',19,b'E5',5,18,105,2,2,2,3,4,4,5
341,1,b'E',19,b'E5',5,8,106,2,3,3,4,5,5,6
342,1,b'E',19,b'E5',5,14,105,2,3,4,5,6,6,7
343,1,b'E',19,b'E5',5,4,106,2,3,3,4,5,5,6
344,1,b'E',19,b'E5',5,9,106,2,2,2,3,4,4,5
345,1,b'E',19,b'E5',5,7,106,2,3,4,5,6,6,7
346,1,b'E',19,b'E5',5,12,106,2,2,2,3,4,4,5
347,1,b'E',19,b'E5',5,11,106,2,2,2,3,4,4,5
348,1,b'E',19,b'E5',5,13,106,2,2,2,3,4,4,5
349,1,b'E',19,b'E5',5,3,106,2,3,4,5,6,6,7
350,1,b'E',19,b'E5',5,2,107,2,3,3,4,5,5,6
351,1,b'E',19,b'E5',5,3,107,2,2,2,3,4,4,5
352,1,b'E',19,b'E5',5,4,107,2,2,2,3,4,4,5
353,1,b'E',19,b'E5',5,5,107,1,1,1,2,2,2,3
354,1,b'E',19,b'E5',5,5,106,2,3,3,4,5,5,6
355,1,b'E',19,b'E5',5,10,106,2,2,2,3,4,4,5
356,1,b'E',19,b'E5',5,8,107,2,2,2,3,3,3,4
357,1,b'E',19,b'E5',5,9,107,2,2,2,3,4,4,5
358,1,b'E',19,b'E5',5,12,107,2,2,2,3,4,4,5
359,1,b'E',19,b'E5',5,11,107,2,3,4,5,6,7,8
360,1,b'E',19,b'E5',5,10,107,2,3,4,5,6,7,8
361,1,b'E',19,b'E5',5,1,106,2,2,2,3,4,4,5
362,1,b'E',19,b'E5',5,7,107,1,1,1,2,2,2,2
363,1,b'E',19,b'E5',5,14,107,2,2,2,3,4,4,5
364,1,b'U',19,b'U2',9,2,41,2,3,3,4,5,5,6
365,1,b'U',19,b'U2',9,5,41,2,3,4,5,6,7,8
366,1,b'U',19,b'U2',9,3,41,2,3,4,5,6,6,7
367,1,b'U',19,b'U2',9,6,41,2,3,4,5,6,7,8
368,1,b'U',19,b'U2',9,1,41,2,3,4,5,6,7,8
369,1,b'U',19,b'U2',9,12,41,2,3,4,5,6,7,8
370,1,b'U',19,b'U2',9,14,41,2,3,4,5,6,7,8
371,1,b'U',19,b'U2',9,13,41,2,3,3,4,5,5,6
372,1,b'U',19,b'U2',9,18,41,2,3,4,5,6,6,7
373,1,b'U',19,b'U2',9,20,41,2,3,4,5,6,6,7
374,1,b'U',19,b'U2',9,16,41,2,3,4,5,6,7,8
375,1,b'U',19,b'U2',9,21,41,2,3,4,5,6,7,8
376,1,b'U',19,b'U2',9,4,41,2,3,3,4,5,5,6
377,1,b'U',19,b'U2',9,19,41,2,3,4,5,6,7,8
378,1,b'U',19,b'U2',9,15,41,2,3,3,4,5,5,6
379,1,b'U',19,b'U2',9,1,42,2,3,4,5,6,6,7
380,1,b'U',19,b'U2',9,4,42,2,3,4,5,6,7,8
381,1,b'U',19,b'U2',9,1,43,2,3,4,5,6,7,8
382,1,b'U',19,b'U2',9,2,42,2,3,4,5,6,6,7
383,1,b'U',19,b'U2',9,5,42,2,3,3,4,5,5,6
384,1,b'U',19,b'U2',9,17,41,2,3,4,5,6,6,7
385,1,b'U',19,b'U2',9,7,42,2,3,3,4,5,5,6
386,1,b'U',19,b'U2',9,6,42,2,3,3,4,5,5,6
387,1,b'U',19,b'U2',9,5,43,2,3,4,5,6,6,7
388,1,b'U',19,b'U2',9,3,43,2,3,4,5,6,7,8
389,1,b'U',19,b'U2',9,3,42,2,3,4,5,6,7,8
390,1,b'U',19,b'U2',9,4,43,2,3,3,4,5,5,6
391,1,b'U',19,b'U2',9,6,43,2,3,4,5,6,7,8
392,1,b'U',19,b'U2',9,2,43,2,3,4,5,6,7,8
393,1,b'U',19,b'U2',9,11,41,2,3,4,5,6,7,8
394,1,b'E',19,b'E5',9,8,110,2,3,4,5,6,7,8
395,1,b'E',19,b'E5',9,9,110,2,3,4,5,6,7,8
396,1,b'E',19,b'E5',9,14,110,2,3,3,4,5,5,6
397,1,b'E',19,b'E5',9,10,110,2,3,4,5,6,7,8
398,1,b'E',19,b'E5',9,15,110,2,3,4,5,6,7,8
399,1,b'E',19,b'E5',9,13,110,2,3,4,5,6,7,8
400,1,b'E',19,b'E5',9,16,110,2,3,4,5,6,7,8
401,1,b'E',19,b'E5',9,23,110,2,3,4,5,6,7,8
402,1,b'E',19,b'E5',9,22,110,2,3,4,5,6,7,8
403,1,b'E',19,b'E5',9,20,110,2,3,3,4,5,5,6
404,1,b'E',19,b'E5',9,11,110,2,3,4,5,6,7,8
405,1,b'E',19,b'E5',9,21,110,2,3,4,5,6,7,8
406,1,b'E',19,b'E5',9,18,110,2,3,4,5,6,7,8
407,1,b'E',19,b'E5',9,31,110,2,2,2,3,4,4,5
408,1,b'E',19,b'E5',9,7,110,2,3,4,5,6,7,8
409,1,b'E',19,b'E5',9,19,110,2,3,4,5,6,6,7
410,1,b'E',19,b'E5',9,1,111,2,3,4,5,6,7,8
411,1,b'E',19,b'E5',9,12,110,2,3,4,5,6,7,8
412,1,b'E',19,b'E5',9,3,111,2,3,4,5,6,7,8
413,1,b'E',19,b'E5',9,6,111,2,3,4,5,6,7,8
414,1,b'E',19,b'E5',9,25,110,2,3,3,4,5,5,6
415,1,b'E',19,b'E5',9,4,111,2,3,4,5,6,7,8
416,1,b'E',19,b'E5',9,7,111,2,3,4,5,6,7,8
417,1,b'E',19,b'E5',9,17,110,2,3,4,5,6,7,8
418,1,b'E',19,b'E5',9,2,111,2,3,4,5,6,7,8
419,1,b'E',19,b'E5',9,12,111,2,3,4,5,6,7,8
420,1,b'E',19,b'E5',9,11,111,2,3,4,5,6,7,8
421,1,b'E',19,b'E5',9,14,111,2,3,4,5,6,6,7
422,1,b'E',19,b'E5',9,5,111,2,3,4,5,6,7,8
423,1,b'E',19,b'E5',9,32,110,2,3,3,4,5,5,6
424,1,b'E',19,b'E5',9,17,111,2,3,4,5,6,7,8
425,1,b'E',19,b'E5',9,8,111,2,3,4,5,6,7,8
426,1,b'E',19,b'E5',9,18,111,2,3,4,5,6,7,8
427,1,b'E',19,b'E5',9,20,111,2,3,4,5,6,7,8
428,1,b'E',19,b'E5',9,13,111,2,3,3,4,5,5,6
429,1,b'E',19,b'E5',9,30,110,2,3,4,5,6,7,8
430,1,b'E',19,b'E5',9,16,111,2,3,4,5,6,7,8
431,1,b'E',19,b'E5',9,9,111,2,3,4,5,6,7,8
432,1,b'E',19,b'E5',9,25,111,2,3,4,5,6,7,8
433,1,b'E',19,b'E5',9,10,111,2,3,4,5,6,6,7
434,1,b'E',19,b'E5',9,21,111,2,3,4,5,6,7,8
435,1,b'E',19,b'E5',9,19,111,2,3,4,5,6,7,8
436,1,b'E',19,b'E5',9,31,111,2,3,4,5,6,7,8
437,1,b'E',19,b'E5',9,28,111,2,3,4,5,6,6,7
438,1,b'E',19,b'E5',9,29,111,2,3,4,5,6,6,7
439,1,b'E',19,b'E5',9,22,111,2,3,3,4,5,5,6
440,1,b'E',19,b'E5',9,27,111,2,3,4,5,6,6,7
441,1,b'E',19,b'E5',9,32,111,2,3,4,5,6,7,8
442,1,b'E',19,b'E5',9,36,111,2,3,4,5,6,6,7
443,1,b'E',19,b'E5',9,33,111,2,3,4,5,6,7,8
444,1,b'E',19,b'E5',9,34,111,2,3,4,5,6,7,8
445,1,b'E',19,b'E5',9,2,112,2,3,4,5,6,7,8
446,1,b'E',19,b'E5',9,37,111,2,3,4,5,6,6,7
447,1,b'E',19,b'E5',9,15,111,2,3,4,5,6,6,7
448,1,b'E',19,b'E5',9,23,111,2,3,4,5,6,7,8
449,1,b'E',19,b'E5',9,3,112,2,3,4,5,6,7,8
450,1,b'E',19,b'E5',9,35,111,2,3,4,5,6,7,8
451,1,b'E',19,b'E5',9,4,112,2,3,4,5,6,7,8
452,1,b'E',19,b'E5',9,24,111,2,3,4,5,6,6,7
453,1,b'E',19,b'E5',9,11,112,2,3,4,5,6,7,8
454,1,b'E',19,b'E5',9,26,111,2,3,4,5,6,7,8
455,1,b'E',19,b'E5',9,13,112,2,3,4,5,6,7,8
456,1,b'E',19,b'E5',9,1,112,2,3,4,5,6,7,8
457,1,b'E',19,b'E5',9,5,112,2,3,4,5,6,7,8
458,1,b'E',19,b'E5',9,10,112,2,3,4,5,6,7,8
459,1,b'E',19,b'E5',9,6,112,2,3,4,5,6,7,8
460,1,b'E',19,b'E5',9,30,111,2,3,4,5,6,7,8
461,1,b'E',19,b'E5',9,12,112,2,3,4,5,6,6,7
462,1,b'E',19,b'E5',9,19,112,2,3,4,5,6,7,8
463,1,b'E',19,b'E5',9,16,112,2,3,4,5,6,6,7
464,1,b'E',19,b'E5',9,15,112,2,3,4,5,6,7,8
465,1,b'E',19,b'E5',9,9,112,2,3,4,5,6,7,8
466,1,b'E',19,b'E5',9,23,112,2,3,4,5,6,7,8
467,1,b'E',19,b'E5',9,8,112,2,3,4,5,6,7,8
468,1,b'E',19,b'E5',9,24,112,2,3,4,5,6,7,8
469,1,b'E',19,b'E5',9,26,112,2,3,3,4,5,5,6
470,1,b'E',19,b'E5',9,22,112,2,3,4,5,6,6,7
471,1,b'E',19,b'E5',9,28,112,2,3,4,5,6,6,7
472,1,b'E',19,b'E5',9,18,112,2,3,4,5,6,7,8
473,1,b'E',19,b'E5',9,30,112,2,3,4,5,6,7,8
474,1,b'E',19,b'E5',9,17,112,2,3,4,5,6,7,8
475,1,b'E',19,b'E5',9,29,112,2,3,4,5,6,7,8
476,1,b'E',19,b'E5',9,14,112,2,3,4,5,6,7,8
477,1,b'E',19,b'E5',9,21,112,2,3,4,5,6,6,7
478,1,b'E',19,b'E5',9,34,112,2,3,4,5,6,6,7
479,1,b'E',19,b'E5',9,35,112,2,3,3,4,5,5,6
480,1,b'E',19,b'E5',9,38,112,2,3,3,4,5,5,6
481,1,b'E',19,b'E5',9,33,112,2,3,4,5,6,6,7
482,1,b'E',19,b'E5',9,39,112,2,3,4,5,6,6,7
483,1,b'E',19,b'E5',9,25,112,2,3,4,5,6,7,8
484,1,b'E',19,b'E5',9,36,112,2,3,4,5,6,7,8
485,1,b'E',19,b'E5',9,20,112,2,3,4,5,6,7,8
486,1,b'E',19,b'E5',9,41,112,2,3,4,5,6,7,8
487,1,b'E',19,b'E5',9,31,112,2,3,4,5,6,6,7
488,1,b'E',19,b'E5',9,7,112,2,3,4,5,6,7,8
489,1,b'E',19,b'E5',9,43,112,2,3,4,5,6,6,7
490,1,b'E',19,b'E5',9,48,112,2,3,4,5,6,7,8
491,1,b'E',19,b'E5',9,32,112,2,3,4,5,6,7,8
492,1,b'E',19,b'E5',9,44,112,2,3,4,5,6,6,7
493,1,b'E',19,b'E5',9,45,112,2,3,4,5,6,6,7
494,1,b'E',19,b'E5',9,50,112,2,3,3,4,5,5,6
495,1,b'E',19,b'E5',9,27,112,2,3,4,5,6,7,8
496,1,b'E',19,b'E5',9,46,112,2,3,4,5,6,6,7
497,1,b'E',19,b'E5',9,40,112,2,3,4,5,6,6,7
498,1,b'E',19,b'E5',9,49,112,2,3,4,5,6,7,8
499,1,b'E',19,b'E5',9,47,112,2,3,4,5,6,7,8
500,1,b'E',19,b'E5',9,37,112,2,3,4,5,6,7,8
501,1,b'E',19,b'E5',9,55,112,2,3,4,5,6,7,8
502,1,b'E',19,b'E5',9,51,112,2,3,4,5,6,7,8
503,1,b'E',19,b'E5',9,58,112,2,3,4,5,6,7,8
504,1,b'E',19,b'E5',9,42,112,2,3,4,5,6,7,8
505,1,b'E',19,b'E5',9,52,112,2,3,4,5,6,7,8
506,1,b'E',19,b'E5',9,53,112,2,3,4,5,6,7,8
507,1,b'E',19,b'E5',9,84,112,2,3,4,5,6,7,8
508,1,b'E',19,b'E5',9,61,112,2,3,4,5,6,7,8
509,1,b'E',19,b'E5',9,54,112,2,3,4,5,6,7,8
510,1,b'E',19,b'E5',9,59,112,2,3,3,4,5,5,6
511,1,b'E',19,b'E5',9,85,112,2,3,4,5,6,7,8
512,1,b'E',19,b'E5',9,57,112,2,3,3,4,5,5,6
513,1,b'E',19,b'E5',9,63,112,2,3,4,5,6,7,8
514,1,b'E',19,b'E5',9,64,112,2,3,3,4,5,5,6
515,1,b'E',19,b'E5',9,56,112,2,3,4,5,6,6,7
516,1,b'U',19,b'U5',5,5,56,2,2,2,3,4,4,5
517,1,b'U',19,b'U5',5,13,56,2,2,2,3,4,4,5
518,1,b'U',19,b'U5',5,4,56,2,3,3,4,5,5,6
519,1,b'U',19,b'U5',5,2,56,2,2,2,3,4,4,5
520,1,b'U',19,b'U5',5,3,57,2,3,3,4,5,5,6
521,1,b'U',19,b'U5',5,6,57,2,2,2,3,4,4,5
522,1,b'U',19,b'U5',5,7,57,2,2,2,3,4,4,5
523,1,b'U',19,b'U5',5,10,57,2,2,2,3,4,4,5
524,1,b'U',19,b'U5',5,4,57,2,2,2,3,4,4,5
525,1,b'U',19,b'U5',5,1,58,1,1,1,1,1,1,1
526,1,b'U',19,b'U5',5,10,56,2,2,2,3,3,3,4
527,1,b'U',19,b'U5',5,11,57,2,3,4,5,6,7,8
528,1,b'U',19,b'U5',5,1,57,2,3,3,4,5,5,6
529,1,b'U',19,b'U5',5,2,57,2,2,2,3,4,4,5
530,1,b'U',19,b'U5',5,9,57,2,3,3,4,5,5,6
531,1,b'U',19,b'U5',5,2,58,1,1,1,2,2,2,2
532,1,b'U',19,b'U5',5,6,56,2,2,2,3,3,3,4
533,1,b'U',19,b'U5',5,5,58,1,1,1,2,2,2,3
534,1,b'U',19,b'U5',5,15,58,2,2,2,3,4,4,5
535,1,b'U',19,b'U5',5,12,58,2,2,2,3,4,4,5
536,1,b'U',19,b'U5',5,11,58,2,3,4,5,6,6,7
537,1,b'U',19,b'U5',5,14,58,2,3,3,4,5,5,6
538,1,b'U',19,b'U5',5,10,58,2,3,3,4,5,5,6
539,1,b'U',19,b'U5',5,18,58,2,3,3,4,5,5,6
540,1,b'U',19,b'U5',5,13,58,2,3,4,5,6,6,7
541,1,b'U',19,b'U5',5,5,57,2,3,3,4,5,5,6
542,1,b'U',19,b'U5',5,9,58,2,2,2,3,4,4,5
543,1,b'U',19,b'U5',5,19,58,2,2,2,3,4,4,5
544,1,b'U',19,b'U5',9,2,67,2,2,2,3,4,4,5
545,1,b'U',19,b'U5',9,14,67,2,2,2,3,4,4,5
546,1,b'U',19,b'U5',9,1,68,2,3,4,5,6,7,8
547,1,b'U',19,b'U5',9,2,68,2,3,4,5,6,7,8
548,1,b'U',19,b'U5',9,6,68,2,3,3,4,5,5,6
549,1,b'U',19,b'U5',9,10,68,2,3,4,5,6,7,8
550,1,b'U',19,b'U5',9,3,68,2,3,4,5,6,7,8
551,1,b'U',19,b'U5',9,12,67,2,2,2,3,3,3,4
552,1,b'U',19,b'U5',9,11,68,2,3,4,5,6,7,8
553,1,b'U',19,b'U5',9,5,68,2,3,3,4,5,5,6
554,1,b'U',19,b'U5',9,13,67,2,3,4,5,6,7,8
555,1,b'U',19,b'U5',9,13,68,2,3,4,5,6,7,8
556,1,b'U',19,b'U5',9,16,68,2,3,4,5,6,7,8
557,1,b'U',19,b'U5',9,14,68,2,3,4,5,6,7,8
558,1,b'U',19,b'U5',9,9,68,2,3,4,5,6,6,7
559,1,b'U',19,b'U5',9,19,68,2,3,4,5,6,7,8
560,1,b'U',19,b'U5',9,15,68,2,3,4,5,6,6,7
561,1,b'U',19,b'U5',9,22,68,2,3,3,4,5,5,6
562,1,b'U',19,b'U5',9,21,68,2,3,4,5,6,7,8
563,1,b'U',19,b'U5',9,17,68,2,3,4,5,6,6,7
564,1,b'U',19,b'U5',9,7,68,2,2,2,3,4,4,5
565,1,b'U',19,b'U5',9,18,68,2,3,4,5,6,7,8
566,1,b'U',19,b'U5',9,23,68,2,3,4,5,6,7,8
567,1,b'U',19,b'U5',9,29,68,2,3,4,5,6,7,8
568,1,b'U',19,b'U5',9,26,68,2,3,4,5,6,7,8
569,1,b'U',19,b'U5',9,8,68,2,3,4,5,6,7,8
570,1,b'U',19,b'U5',9,25,68,2,3,4,5,6,7,8
571,1,b'U',19,b'U5',9,24,68,2,3,4,5,6,6,7
572,1,b'U',19,b'U5',9,20,68,2,3,4,5,6,6,7
573,1,b'U',19,b'U5',9,12,68,2,3,3,4,5,5,6
574,1,b'U',19,b'U5',9,31,68,2,3,4,5,6,7,8
575,1,b'U',19,b'U5',9,34,68,2,3,4,5,6,7,8
576,1,b'U',19,b'U5',9,28,68,2,3,4,5,6,7,8
577,1,b'U',19,b'U5',9,36,68,2,3,4,5,6,7,8
578,1,b'U',19,b'U5',9,37,68,2,3,4,5,6,7,8
579,1,b'U',19,b'U5',9,30,68,2,3,3,4,5,5,6
580,1,b'U',19,b'U5',9,35,68,2,3,4,5,6,7,8
581,1,b'U',19,b'U5',9,32,68,2,3,4,5,6,7,8
582,1,b'U',19,b'U5',9,41,68,2,3,3,4,5,5,6
583,1,b'U',19,b'U5',9,42,68,2,3,4,5,6,7,8
584,1,b'U',19,b'U5',9,43,68,2,3,4,5,6,7,8
585,1,b'U',19,b'U5',9,47,68,2,3,4,5,6,6,7
586,1,b'U',19,b'U5',9,39,68,2,3,4,5,6,7,8
587,1,b'U',19,b'U5',9,27,68,2,3,4,5,6,7,8
588,1,b'U',19,b'U5',9,44,68,2,3,4,5,6,6,7
589,1,b'U',19,b'U5',9,52,68,2,3,4,5,6,6,7
590,1,b'U',19,b'U5',9,51,68,2,2,2,3,4,4,5
591,1,b'U',19,b'U5',9,4,68,2,3,4,5,6,7,8
592,1,b'U',19,b'U5',9,50,68,2,3,4,5,6,6,7
593,1,b'U',19,b'U5',9,53,68,2,2,2,3,4,4,5
594,1,b'U',19,b'U5',9,33,68,2,3,4,5,6,7,8
595,1,b'U',19,b'U5',9,46,68,2,3,4,5,6,7,8
596,1,b'U',19,b'U5',9,38,68,2,3,4,5,6,6,7
597,1,b'U',19,b'U5',9,49,68,2,2,2,3,4,4,5
598,1,b'U',19,b'U5',9,58,68,2,3,4,5,6,7,8
599,1,b'U',19,b'U5',9,48,68,2,3,3,4,5,5,6
600,1,b'U',19,b'U5',9,61,68,2,3,4,5,6,7,8
601,1,b'U',19,b'U5',9,59,68,2,3,4,5,6,7,8
602,1,b'U',19,b'U5',9,60,68,2,3,4,5,6,6,7
603,1,b'U',19,b'U5',9,63,68,2,3,4,5,6,6,7
604,1,b'U',19,b'U5',9,56,68,2,3,4,5,6,7,8
605,1,b'U',19,b'U5',9,57,68,2,3,4,5,6,7,8
606,1,b'U',19,b'U5',9,67,68,2,3,4,5,6,7,8
607,1,b'U',19,b'U5',9,64,68,2,3,4,5,6,7,8
608,1,b'U',19,b'U5',9,2,69,2,3,4,5,6,7,8
609,1,b'U',19,b'U5',9,1,69,2,3,4,5,6,6,7
610,1,b'U',19,b'U5',9,3,69,2,3,3,4,5,5,6
611,1,b'U',19,b'U5',9,68,68,2,3,4,5,6,7,8
612,1,b'U',19,b'U5',9,62,68,2,3,4,5,6,6,7
613,1,b'U',19,b'U5',9,66,68,2,3,4,5,6,7,8
614,1,b'U',19,b'U5',9,5,69,2,3,4,5,6,7,8
615,1,b'U',19,b'U5',9,10,69,2,3,4,5,6,7,8
616,1,b'U',19,b'U5',9,13,69,2,3,4,5,6,7,8
617,1,b'U',19,b'U5',9,40,68,2,3,3,4,5,5,6
618,1,b'U',19,b'U5',9,11,69,2,3,4,5,6,7,8
619,1,b'U',19,b'U5',9,65,68,2,3,4,5,6,6,7
620,1,b'U',19,b'U5',9,12,69,2,3,4,5,6,7,8
621,1,b'U',19,b'U5',9,15,69,2,3,4,5,6,7,8
622,1,b'U',19,b'U5',9,7,69,2,3,4,5,6,7,8
623,1,b'U',19,b'U5',9,20,69,2,3,4,5,6,6,7
624,1,b'U',19,b'U5',9,14,69,2,3,4,5,6,6,7
625,1,b'U',19,b'U5',9,22,69,2,3,4,5,6,7,8
626,1,b'U',19,b'U5',9,23,69,2,3,4,5,6,7,8
627,1,b'U',19,b'U5',9,9,69,2,3,4,5,6,7,8
628,1,b'U',19,b'U5',9,24,69,2,2,2,3,4,4,5
629,1,b'U',19,b'U5',9,25,69,2,3,4,5,6,6,7
630,1,b'U',19,b'U5',9,8,69,2,3,4,5,6,7,8
631,1,b'U',19,b'U5',9,17,69,2,3,4,5,6,7,8
632,1,b'U',19,b'U5',9,6,69,2,3,4,5,6,7,8
633,1,b'U',19,b'U5',9,28,69,2,3,4,5,6,7,8
634,1,b'U',19,b'U5',9,27,69,2,3,4,5,6,6,7
635,1,b'U',19,b'U5',9,16,69,2,3,4,5,6,7,8
636,1,b'U',19,b'U5',9,30,69,2,3,4,5,6,7,8
637,1,b'U',19,b'U5',9,35,69,2,3,4,5,6,6,7
638,1,b'U',19,b'U5',9,19,69,2,3,4,5,6,7,8
639,1,b'U',19,b'U5',9,31,69,2,3,4,5,6,6,7
640,1,b'U',19,b'U5',9,21,69,2,3,4,5,6,7,8
641,1,b'U',19,b'U5',9,36,69,2,3,4,5,6,6,7
642,1,b'U',19,b'U5',9,33,69,2,3,4,5,6,6,7
643,1,b'U',19,b'U5',9,18,69,2,3,4,5,6,6,7
644,1,b'U',19,b'U5',9,32,69,2,3,3,4,5,5,6
645,1,b'U',19,b'U5',9,29,69,2,3,4,5,6,6,7
646,1,b'U',19,b'U5',9,26,69,2,3,4,5,6,6,7
647,1,b'U',19,b'U5',9,34,69,2,3,4,5,6,7,8
648,1,b'U',19,b'U5',9,37,69,2,3,4,5,6,7,8
649,1,b'U',19,b'U4',1,1,20,2,2,2,3,3,3,4
650,1,b'U',19,b'U4',1,4,20,2,2,2,3,3,3,4
651,1,b'U',19,b'U4',1,23,20,2,3,4,5,6,6,7
652,1,b'U',19,b'U4',1,28,20,2,2,2,3,3,3,4
653,1,b'U',19,b'U4',1,22,20,2,3,3,4,5,5,6
654,1,b'U',19,b'U4',1,3,21,2,3,4,5,6,6,7
655,1,b'U',19,b'U4',1,5,21,2,2,2,3,4,4,5
656,1,b'U',19,b'U4',1,1,21,2,3,4,5,6,6,7
657,1,b'U',19,b'U4',1,2,21,2,3,4,5,6,7,8
658,1,b'U',19,b'U4',1,3,22,2,2,2,3,4,4,5
659,1,b'U',19,b'U4',1,2,22,2,2,2,3,3,3,4
660,1,b'E',19,b'E4',5,2,88,2,3,3,4,5,5,6
661,1,b'E',19,b'E4',5,4,88,2,3,4,5,6,6,7
662,1,b'E',19,b'E4',5,6,88,1,1,1,2,2,2,3
663,1,b'U',19,b'U4',1,4,21,2,3,3,4,5,5,6
664,1,b'E',19,b'E4',5,3,88,2,2,2,3,4,4,5
665,1,b'U',19,b'U4',1,1,22,2,3,3,4,5,5,6
666,1,b'E',19,b'E4',5,11,88,2,2,2,3,4,4,5
667,1,b'E',19,b'E4',5,9,88,2,3,3,4,5,5,6
668,1,b'E',19,b'E4',5,5,88,2,2,2,3,4,4,5
669,1,b'E',19,b'E4',5,1,88,2,3,4,5,6,6,7
670,1,b'E',19,b'E4',5,23,88,2,2,2,3,3,3,4
671,1,b'E',19,b'E4',5,26,88,2,2,2,3,3,3,4
672,1,b'E',19,b'E4',5,22,88,2,2,2,3,4,4,5
673,1,b'E',19,b'E4',5,10,88,2,3,3,4,5,5,6
674,1,b'E',19,b'E4',5,21,88,2,2,2,3,4,4,5
675,1,b'E',19,b'E4',5,29,88,2,2,2,3,4,4,5
676,1,b'E',19,b'E4',5,20,88,2,2,2,3,3,3,4
677,1,b'E',19,b'E4',5,30,88,2,2,2,3,4,4,5
678,1,b'U',19,b'U4',1,9,22,2,3,3,4,5,5,6
679,1,b'E',19,b'E4',5,28,88,1,1,1,2,2,2,3
680,1,b'E',19,b'E4',5,8,88,2,2,2,3,3,3,4
681,1,b'E',19,b'E4',5,41,88,2,2,2,3,4,4,5
682,1,b'E',19,b'E4',5,39,88,2,2,2,3,3,3,4
683,1,b'E',19,b'E4',5,40,88,2,2,2,3,4,4,5
684,1,b'E',19,b'E4',5,38,88,2,2,2,3,4,4,5
685,1,b'E',19,b'E4',5,48,88,1,1,1,2,2,2,3
686,1,b'E',19,b'E4',5,44,88,1,1,1,2,2,2,3
687,1,b'E',19,b'E4',5,53,88,2,3,4,5,6,7,8
688,1,b'E',19,b'E4',5,1,89,2,2,2,3,4,4,5
689,1,b'E',19,b'E4',5,51,88,1,1,1,2,2,2,3
690,1,b'E',19,b'E4',5,42,88,2,3,3,4,5,5,6
691,1,b'E',19,b'E4',5,3,89,2,3,3,4,5,5,6
692,1,b'E',19,b'E4',5,9,89,2,2,2,3,4,4,5
693,1,b'E',19,b'E4',5,16,88,1,1,1,2,2,2,3
694,1,b'E',19,b'E4',5,14,88,1,1,1,1,1,1,1
695,1,b'E',19,b'E4',5,10,89,2,2,2,3,3,3,4
696,1,b'E',19,b'E4',5,5,89,2,3,3,4,5,5,6
697,1,b'E',19,b'E4',5,50,88,1,1,1,2,2,2,2
698,1,b'E',19,b'E4',5,45,88,1,1,1,2,2,2,3
699,1,b'E',19,b'E4',5,13,89,2,3,4,5,6,6,7
700,1,b'E',19,b'E4',5,4,89,2,3,3,4,5,5,6
701,1,b'E',19,b'E4',5,14,89,2,2,2,3,4,4,5
702,1,b'E',19,b'E4',5,27,88,1,1,1,2,2,2,3
703,1,b'E',19,b'E4',5,7,89,2,3,3,4,5,5,6
704,1,b'E',19,b'E4',5,19,89,2,3,3,4,5,5,6
705,1,b'E',19,b'E4',5,18,89,2,3,4,5,6,6,7
706,1,b'E',19,b'E4',5,4,90,2,2,2,3,3,3,4
707,1,b'E',19,b'E4',5,5,90,1,1,1,2,2,2,2
708,1,b'E',19,b'E4',5,15,89,2,2,2,3,4,4,5
709,1,b'E',19,b'E4',5,8,90,2,2,2,3,3,3,4
710,1,b'E',19,b'E4',5,7,90,2,2,2,3,4,4,5
711,1,b'E',19,b'E4',5,17,89,2,2,2,3,4,4,5
712,1,b'E',19,b'E4',5,6,90,2,2,2,3,3,3,4
713,1,b'E',19,b'E4',5,11,90,2,2,2,3,4,4,5
714,1,b'E',19,b'E4',5,6,89,2,3,3,4,5,5,6
715,1,b'E',19,b'E4',5,1,90,2,2,2,3,4,4,5
716,1,b'E',19,b'E4',5,18,90,2,2,2,3,4,4,5
717,1,b'E',19,b'E4',5,16,90,2,2,2,3,3,3,4
718,1,b'E',19,b'E4',5,17,90,2,2,2,3,3,3,4
719,1,b'E',19,b'E4',5,12,90,2,3,4,5,6,6,7
720,1,b'E',19,b'E4',5,20,89,2,2,2,3,3,3,4
721,1,b'E',19,b'E4',5,10,90,2,2,2,3,4,4,5
722,1,b'E',19,b'E4',5,23,90,2,2,2,3,4,4,5
723,1,b'E',19,b'E4',5,13,90,1,1,1,2,2,2,2
724,1,b'E',19,b'E4',5,25,90,2,2,2,3,4,4,5
725,1,b'E',19,b'E4',5,9,90,2,3,4,5,6,6,7
726,1,b'E',19,b'E4',5,15,90,2,2,2,3,4,4,5
727,1,b'E',19,b'E4',5,19,90,1,1,1,2,2,2,3
728,1,b'E',19,b'E4',5,27,90,2,2,2,3,4,4,5
729,1,b'E',19,b'E4',5,28,90,2,3,3,4,5,5,6
730,1,b'E',19,b'E4',5,2,90,2,2,2,3,4,4,5
731,1,b'E',19,b'E4',5,26,90,2,2,2,3,4,4,5
732,1,b'E',19,b'E4',5,24,90,2,3,3,4,5,5,6
733,1,b'E',19,b'E4',1,1,77,2,2,2,3,4,4,5
734,1,b'E',19,b'E4',1,5,77,2,2,2,3,3,3,4
735,1,b'E',19,b'E4',1,6,77,2,2,2,3,4,4,5
736,1,b'E',19,b'E4',1,2,77,2,3,3,4,5,5,6
737,1,b'E',19,b'E4',1,4,77,2,2,2,3,3,3,4
738,1,b'E',19,b'E4',1,8,77,2,3,3,4,5,5,6
739,1,b'E',19,b'E4',1,14,77,2,3,3,4,5,5,6
740,1,b'E',19,b'E4',1,13,77,2,3,3,4,5,5,6
741,1,b'E',19,b'E4',1,12,77,2,3,3,4,5,5,6
742,1,b'E',19,b'E4',1,11,77,2,2,2,3,4,4,5
743,1,b'E',19,b'E4',1,17,77,2,3,3,4,5,5,6
744,1,b'E',19,b'E4',1,19,77,2,2,2,3,4,4,5
745,1,b'E',19,b'E4',1,21,77,2,3,3,4,5,5,6
746,1,b'E',19,b'E4',1,9,77,2,3,3,4,5,5,6
747,1,b'E',19,b'E4',1,20,77,2,2,2,3,4,4,5
748,1,b'E',19,b'E4',1,15,77,2,3,3,4,5,5,6
749,1,b'E',19,b'E4',1,23,77,2,3,3,4,5,5,6
750,1,b'E',19,b'E4',1,26,77,2,3,3,4,5,5,6
751,1,b'E',19,b'E4',1,16,77,2,3,3,4,5,5,6
752,1,b'E',19,b'E4',1,22,77,2,3,3,4,5,5,6
753,1,b'E',19,b'E4',1,24,77,2,2,2,3,4,4,5
754,1,b'E',19,b'E4',1,18,77,2,3,3,4,5,5,6
755,1,b'E',19,b'E4',1,5,78,2,2,2,3,4,4,5
756,1,b'E',19,b'E4',1,9,78,2,3,3,4,5,5,6
757,1,b'E',19,b'E4',1,6,78,2,2,2,3,4,4,5
758,1,b'E',19,b'E4',1,7,78,2,3,3,4,5,5,6
759,1,b'E',19,b'E4',1,8,78,2,3,4,5,6,6,7
760,1,b'E',19,b'E4',1,12,78,2,3,3,4,5,5,6
761,1,b'E',19,b'E4',1,10,78,2,3,3,4,5,5,6
762,1,b'E',19,b'E4',1,25,77,2,3,3,4,5,5,6
763,1,b'E',19,b'E4',1,16,78,2,2,2,3,4,4,5
764,1,b'E',19,b'E4',1,17,78,2,2,2,3,4,4,5
765,1,b'E',19,b'E4',1,14,78,2,3,3,4,5,5,6
766,1,b'E',19,b'E4',1,13,78,2,3,3,4,5,5,6
767,1,b'E',19,b'E4',1,3,78,2,2,2,3,4,4,5
768,1,b'E',19,b'E4',1,28,77,2,3,3,4,5,5,6
769,1,b'E',19,b'E4',1,11,78,2,3,3,4,5,5,6
770,1,b'E',19,b'E4',1,22,78,2,2,2,3,4,4,5
771,1,b'E',19,b'E4',1,23,78,2,2,2,3,4,4,5
772,1,b'E',19,b'E4',1,19,78,2,2,2,3,4,4,5
773,1,b'E',19,b'E4',1,4,78,2,2,2,3,4,4,5
774,1,b'E',19,b'E4',1,27,77,2,3,3,4,5,5,6
775,1,b'E',19,b'E4',1,24,78,1,1,1,2,2,2,3
776,1,b'E',19,b'E4',1,3,79,2,3,4,5,6,6,7
777,1,b'E',19,b'E4',1,6,79,1,1,1,2,2,2,3
778,1,b'E',19,b'E4',1,25,78,1,1,1,2,2,2,3
779,1,b'E',19,b'E4',1,11,79,1,1,1,1,1,1,1
780,1,b'E',19,b'E4',1,1,79,2,3,3,4,5,5,6
781,1,b'E',19,b'E4',1,15,78,2,2,2,3,3,3,4
782,1,b'E',19,b'E4',1,9,79,1,1,1,1,1,1,1
783,1,b'E',19,b'E4',1,4,79,1,1,1,2,2,2,2
784,1,b'E',19,b'E4',1,14,79,2,3,3,4,5,5,6
785,1,b'E',19,b'E4',1,19,79,2,3,3,4,5,5,6
786,1,b'E',19,b'E4',1,13,79,1,1,1,1,1,1,1
787,1,b'E',19,b'E4',1,18,79,2,3,3,4,5,5,6
788,1,b'E',19,b'E4',1,20,79,2,3,3,4,5,5,6
789,1,b'E',19,b'E4',1,22,79,2,3,4,5,6,6,7
790,1,b'E',19,b'E4',1,17,79,2,3,3,4,5,5,6
791,1,b'E',19,b'E4',1,2,79,2,3,3,4,5,5,6
792,1,b'E',19,b'E4',1,20,78,2,2,2,3,4,4,5
793,1,b'E',19,b'E4',1,23,79,2,2,2,3,4,4,5
794,1,b'E',19,b'E4',1,7,79,1,1,1,2,2,2,3
795,1,b'E',19,b'E4',1,15,79,2,3,3,4,5,5,6
796,1,b'E',19,b'E4',1,28,79,2,3,3,4,5,5,6
797,1,b'E',19,b'E4',1,26,79,2,3,3,4,5,5,6
798,1,b'E',19,b'E4',1,21,79,2,2,2,3,4,4,5
799,1,b'E',19,b'E3',5,2,72,2,3,4,5,6,6,7
800,1,b'E',19,b'E3',5,6,72,2,3,4,5,6,6,7
801,1,b'E',19,b'E3',5,13,72,2,3,3,4,5,5,6
802,1,b'E',19,b'E4',1,25,79,2,3,3,4,5,5,6
803,1,b'E',19,b'E3',5,1,72,2,2,2,3,4,4,5
804,1,b'E',19,b'E3',5,15,72,2,2,2,3,4,4,5
805,1,b'E',19,b'E3',5,14,72,2,2,2,3,4,4,5
806,1,b'E',19,b'E3',5,1,73,2,3,4,5,6,6,7
807,1,b'E',19,b'E3',5,6,73,2,3,3,4,5,5,6
808,1,b'E',19,b'E3',5,4,73,2,3,3,4,5,5,6
809,1,b'E',19,b'E4',1,27,79,2,3,3,4,5,5,6
810,1,b'E',19,b'E4',1,16,79,2,3,4,5,6,6,7
811,1,b'E',19,b'E3',5,2,73,2,2,2,3,4,4,5
812,1,b'E',19,b'E3',5,13,73,2,2,2,3,4,4,5
813,1,b'E',19,b'E3',5,10,73,2,3,3,4,5,5,6
814,1,b'E',19,b'E3',5,3,73,2,2,2,3,4,4,5
815,1,b'E',19,b'E3',5,20,73,2,2,2,3,3,3,4
816,1,b'E',19,b'E3',5,5,73,2,3,4,5,6,7,8
817,1,b'E',19,b'E3',5,12,72,2,3,3,4,5,5,6
818,1,b'E',19,b'E3',5,24,73,1,1,1,1,1,1,1
819,1,b'E',19,b'E3',5,11,73,2,2,2,3,4,4,5
820,1,b'E',19,b'E3',5,32,73,2,2,2,3,4,4,5
821,1,b'E',19,b'E3',5,18,72,2,2,2,3,4,4,5
822,1,b'E',19,b'E3',5,18,73,2,2,2,3,4,4,5
823,1,b'E',19,b'E3',5,14,73,2,3,3,4,5,5,6
824,1,b'E',19,b'E3',5,17,73,2,3,3,4,5,5,6
825,1,b'U',19,b'U3',5,3,11,2,2,2,3,3,3,4
826,1,b'U',19,b'U3',5,1,11,2,2,2,3,4,4,5
827,1,b'U',19,b'U3',5,2,11,2,3,3,4,5,5,6
828,1,b'U',19,b'U3',5,4,11,1,1,1,2,2,2,3
829,1,b'U',19,b'U3',5,8,11,2,2,2,3,4,4,5
830,1,b'U',19,b'U3',5,4,12,2,2,2,3,4,4,5
831,1,b'U',19,b'U3',5,3,12,2,3,4,5,6,7,8
832,1,b'U',19,b'U3',5,5,11,2,2,2,3,4,4,5
833,1,b'U',19,b'U3',5,1,12,2,3,4,5,6,7,8
834,1,b'U',19,b'U3',5,2,12,2,3,4,5,6,7,8
835,1,b'U',19,b'U3',5,6,11,2,2,2,3,3,3,4
836,1,b'U',19,b'U3',5,6,12,2,2,2,3,4,4,5
837,1,b'U',19,b'U3',5,11,12,2,2,2,3,3,3,4
838,1,b'U',19,b'U3',5,5,12,2,2,2,3,4,4,5
839,1,b'U',19,b'U3',5,14,12,1,1,1,2,2,2,2
840,1,b'U',19,b'U3',5,10,12,2,2,2,3,3,3,4
841,1,b'U',19,b'U3',5,7,12,2,2,2,3,4,4,5
842,1,b'U',19,b'U3',5,8,12,2,2,2,3,4,4,5
843,1,b'U',19,b'U3',5,9,12,2,2,2,3,3,3,4
844,1,b'U',19,b'U3',5,7,11,2,2,2,3,3,3,4
845,1,b'U',19,b'U3',5,12,12,1,1,1,2,2,2,2
846,1,b'U',19,b'U3',5,15,12,2,2,2,3,4,4,5
847,1,b'U',19,b'U2',5,1,25,2,3,3,4,5,5,6
848,1,b'U',19,b'U2',5,1,26,1,1,1,2,2,2,3
849,1,b'U',19,b'U2',5,2,26,2,3,3,4,5,5,6
850,1,b'U',19,b'U2',5,4,26,2,2,2,3,3,3,4
851,1,b'U',19,b'U2',5,10,26,2,3,3,4,5,5,6
852,1,b'U',19,b'U2',5,6,26,2,2,2,3,4,4,5
853,1,b'U',19,b'U2',5,14,26,1,1,1,2,2,2,3
854,1,b'U',19,b'U2',5,13,26,2,2,2,3,3,3,4
855,1,b'U',19,b'U2',5,16,26,2,2,2,3,4,4,5
856,1,b'U',19,b'U2',5,15,26,2,2,2,3,4,4,5
857,1,b'U',19,b'U2',5,2,25,2,2,2,3,4,4,5
858,1,b'U',19,b'U2',5,3,26,2,3,3,4,5,5,6
859,1,b'U',19,b'U2',5,8,26,2,2,2,3,4,4,5
860,1,b'U',19,b'U2',5,21,26,2,2,2,3,4,4,5
861,1,b'U',19,b'U2',5,22,26,2,2,2,3,4,4,5
862,1,b'U',19,b'U2',5,17,26,2,3,4,5,6,6,7
863,1,b'U',19,b'U2',5,24,26,2,2,2,3,4,4,5
864,1,b'U',19,b'U2',5,29,26,2,2,2,3,4,4,5
865,1,b'U',19,b'U2',5,27,26,2,2,2,3,4,4,5
866,1,b'U',19,b'U2',5,33,26,2,3,3,4,5,5,6
867,1,b'U',19,b'U2',5,9,26,2,2,2,3,4,4,5
868,1,b'U',19,b'U2',5,34,26,2,2,2,3,4,4,5
869,1,b'U',19,b'U2',5,7,26,2,2,2,3,4,4,5
870,1,b'U',19,b'U2',5,18,26,2,2,2,3,3,3,4
871,1,b'U',19,b'U2',5,19,26,2,2,2,3,4,4,5
872,1,b'U',19,b'U2',5,11,26,2,2,2,3,4,4,5
873,1,b'U',19,b'U2',5,9,27,2,3,3,4,5,5,6
874,1,b'U',19,b'U2',5,10,27,2,3,3,4,5,5,6
875,1,b'U',19,b'U2',5,1,27,2,2,2,3,3,3,4
876,1,b'U',19,b'U2',5,4,27,2,2,2,3,3,3,4
877,1,b'U',19,b'U2',5,13,27,2,2,2,3,4,4,5
878,1,b'U',19,b'U2',5,12,27,2,2,2,3,4,4,5
879,1,b'U',19,b'U2',5,20,26,2,2,2,3,4,4,5
880,1,b'U',19,b'U2',5,8,27,2,3,3,4,5,5,6
881,1,b'U',19,b'U2',5,31,26,2,2,2,3,3,3,4
882,1,b'U',19,b'U2',5,11,27,2,2,2,3,4,4,5
883,1,b'U',19,b'U4',9,5,46,2,2,2,3,4,4,5
884,1,b'U',19,b'U4',9,6,46,2,2,2,3,4,4,5
885,1,b'U',19,b'U4',9,8,46,2,3,4,5,6,6,7
886,1,b'U',19,b'U4',9,1,46,2,3,3,4,5,5,6
887,1,b'U',19,b'U4',9,7,46,2,2,2,3,4,4,5
888,1,b'U',19,b'U4',9,9,46,2,2,2,3,4,4,5
889,1,b'U',19,b'U4',9,11,46,2,2,2,3,4,4,5
890,1,b'U',19,b'U4',9,15,46,2,3,3,4,5,5,6
891,1,b'U',19,b'U4',9,16,46,2,3,3,4,5,5,6
892,1,b'U',19,b'U4',9,12,46,2,2,2,3,4,4,5
893,1,b'U',19,b'U4',9,10,46,2,2,2,3,4,4,5
894,1,b'U',19,b'U4',9,19,46,2,2,2,3,4,4,5
895,1,b'U',19,b'U4',9,23,46,2,2,2,3,4,4,5
896,1,b'U',19,b'U4',9,22,46,2,3,3,4,5,5,6
897,1,b'U',19,b'U4',9,1,47,2,3,4,5,6,7,8
898,1,b'U',19,b'U4',9,24,46,2,3,3,4,5,5,6
899,1,b'U',19,b'U4',9,3,47,2,3,4,5,6,7,8
900,1,b'U',19,b'U4',9,2,47,2,3,3,4,5,5,6
901,1,b'U',19,b'U4',9,6,47,2,3,4,5,6,6,7
902,1,b'U',19,b'U4',9,14,46,2,3,3,4,5,5,6
903,1,b'U',19,b'U4',9,7,47,2,3,3,4,5,5,6
904,1,b'U',19,b'U4',9,17,46,2,3,3,4,5,5,6
905,1,b'U',19,b'U4',9,4,47,2,3,4,5,6,6,7
906,1,b'U',19,b'U4',9,21,46,2,3,3,4,5,5,6
907,1,b'U',19,b'U4',9,4,46,2,2,2,3,4,4,5
908,1,b'U',19,b'U4',9,8,47,2,2,2,3,4,4,5
909,1,b'U',19,b'U4',5,3,37,2,3,4,5,6,7,8
910,1,b'U',19,b'U4',9,3,46,2,2,2,3,4,4,5
911,1,b'U',19,b'U4',9,5,47,2,3,3,4,5,5,6
912,1,b'U',19,b'U4',9,9,47,2,3,3,4,5,5,6
913,1,b'U',19,b'U4',5,5,37,2,3,4,5,6,6,7
914,1,b'U',19,b'U4',5,6,37,2,3,4,5,6,7,8
915,1,b'U',19,b'U4',5,9,37,2,3,4,5,6,6,7
916,1,b'U',19,b'U4',5,7,37,2,3,4,5,6,6,7
917,1,b'U',19,b'U4',9,13,47,2,3,4,5,6,7,8
918,1,b'U',19,b'U4',5,11,37,2,3,4,5,6,6,7
919,1,b'U',19,b'U4',5,12,37,2,3,4,5,6,6,7
920,1,b'U',19,b'U4',9,13,46,2,2,2,3,4,4,5
921,1,b'U',19,b'U4',5,5,38,2,2,2,3,4,4,5
922,1,b'U',19,b'U4',9,12,47,2,3,4,5,6,6,7
923,1,b'U',19,b'U4',5,9,38,2,2,2,3,4,4,5
924,1,b'U',19,b'U4',5,10,38,2,2,2,3,4,4,5
925,1,b'U',19,b'U4',5,4,37,2,2,2,3,3,3,4
926,1,b'U',19,b'U4',5,8,38,2,2,2,3,4,4,5
927,1,b'U',19,b'U4',5,11,38,2,2,2,3,4,4,5
928,1,b'U',19,b'U4',5,17,38,2,2,2,3,4,4,5
929,1,b'U',19,b'U4',5,2,38,2,3,3,4,5,5,6
930,1,b'U',19,b'U4',5,10,37,2,3,4,5,6,6,7
931,1,b'U',19,b'U4',5,2,37,2,3,4,5,6,7,8
932,1,b'U',19,b'U4',5,3,38,2,3,4,5,6,6,7
933,1,b'U',19,b'U4',5,14,38,2,3,4,5,6,6,7
934,1,b'U',19,b'U4',5,12,38,2,2,2,3,4,4,5
935,1,b'U',19,b'U4',5,4,38,2,2,2,3,4,4,5
936,1,b'U',19,b'U4',5,8,37,2,3,4,5,6,6,7
937,1,b'U',19,b'U3',9,7,30,2,3,4,5,6,7,8
938,1,b'U',19,b'U3',9,9,30,2,3,4,5,6,6,7
939,1,b'U',19,b'U3',9,8,30,2,3,4,5,6,7,8
940,1,b'U',19,b'U3',9,1,30,2,3,4,5,6,7,8
941,1,b'U',19,b'U3',9,12,30,2,3,3,4,5,5,6
942,1,b'U',19,b'U3',9,3,30,2,3,4,5,6,7,8
943,1,b'U',19,b'U3',9,5,30,2,3,4,5,6,7,8
944,1,b'U',19,b'U3',9,6,30,2,3,4,5,6,7,8
945,1,b'U',19,b'U3',9,4,30,2,3,4,5,6,7,8
946,1,b'U',19,b'U3',9,13,30,2,3,3,4,5,5,6
947,1,b'U',19,b'U3',9,2,32,2,3,4,5,6,6,7
948,1,b'U',19,b'U3',9,11,30,2,3,4,5,6,7,8
949,1,b'U',19,b'U3',9,1,32,2,3,4,5,6,7,8
950,1,b'U',19,b'U3',9,4,32,2,3,4,5,6,6,7
951,1,b'U',19,b'U3',9,10,30,2,3,4,5,6,7,8
952,1,b'U',19,b'U3',9,5,32,2,3,4,5,6,7,8
953,1,b'U',19,b'U3',9,3,32,2,3,4,5,6,6,7
954,1,b'U',19,b'U3',9,6,32,2,3,4,5,6,7,8
955,1,b'U',19,b'U3',9,2,30,2,3,4,5,6,6,7
956,1,b'E',19,b'E4',9,1,95,2,3,4,5,6,6,7
957,1,b'E',19,b'E4',9,5,95,2,3,4,5,6,7,8
958,1,b'E',19,b'E4',9,2,95,2,3,4,5,6,7,8
959,1,b'E',19,b'E4',9,3,95,2,3,4,5,6,7,8
960,1,b'E',19,b'E4',9,10,95,2,3,4,5,6,7,8
961,1,b'E',19,b'E4',9,9,95,2,3,4,5,6,7,8
962,1,b'E',19,b'E4',9,15,95,2,3,4,5,6,7,8
963,1,b'E',19,b'E4',9,13,95,2,3,4,5,6,7,8
964,1,b'E',19,b'E4',9,11,95,2,3,4,5,6,7,8
965,1,b'E',19,b'E4',9,12,95,2,3,4,5,6,7,8
966,1,b'E',19,b'E4',9,7,95,2,3,4,5,6,7,8
967,1,b'E',19,b'E4',9,21,95,2,3,4,5,6,7,8
968,1,b'E',19,b'E4',9,14,95,2,3,4,5,6,7,8
969,1,b'E',19,b'E4',9,17,95,2,3,4,5,6,7,8
970,1,b'E',19,b'E4',9,19,95,2,3,4,5,6,7,8
971,1,b'E',19,b'E4',9,18,95,2,3,4,5,6,6,7
972,1,b'E',19,b'E4',9,8,95,2,3,4,5,6,7,8
973,1,b'E',19,b'E4',9,26,95,2,3,4,5,6,7,8
974,1,b'E',19,b'E4',9,6,95,2,3,4,5,6,7,8
975,1,b'E',19,b'E4',9,23,95,2,3,4,5,6,6,7
976,1,b'E',19,b'E4',9,3,96,2,3,4,5,6,7,8
977,1,b'E',19,b'E4',9,22,95,2,3,4,5,6,7,8
978,1,b'E',19,b'E4',9,20,95,2,3,4,5,6,7,8
979,1,b'E',19,b'E4',9,2,96,2,3,4,5,6,7,8
980,1,b'E',19,b'E4',9,5,96,2,3,4,5,6,7,8
981,1,b'E',19,b'E4',9,7,96,2,3,3,4,5,5,6
982,1,b'E',19,b'E4',9,27,95,2,3,4,5,6,6,7
983,1,b'E',19,b'E4',9,10,96,2,3,4,5,6,7,8
984,1,b'E',19,b'E4',9,1,96,2,3,4,5,6,7,8
985,1,b'E',19,b'E4',9,16,95,2,3,4,5,6,6,7
986,1,b'E',19,b'E4',9,8,96,2,3,4,5,6,7,8
987,1,b'E',19,b'E4',9,9,96,2,3,4,5,6,7,8
988,1,b'E',19,b'E4',9,4,96,2,3,4,5,6,7,8
989,1,b'E',19,b'E4',9,6,96,2,3,4,5,6,6,7
990,1,b'E',19,b'E4',9,15,96,2,3,3,4,5,5,6
991,1,b'E',19,b'E4',9,13,96,2,3,4,5,6,6,7
992,1,b'E',19,b'E4',9,28,95,2,3,4,5,6,7,8
993,1,b'E',19,b'E4',9,24,95,2,3,4,5,6,6,7
994,1,b'E',19,b'E4',9,21,96,2,2,2,3,3,3,4
995,1,b'E',19,b'E4',9,4,97,2,3,3,4,5,5,6
996,1,b'E',19,b'E4',9,14,96,2,3,4,5,6,6,7
997,1,b'E',19,b'E4',9,3,97,2,3,4,5,6,7,8
998,1,b'E',19,b'E4',9,18,96,2,2,2,3,3,3,4
999,1,b'E',19,b'E4',9,25,95,2,3,4,5,6,7,8
1000,1,b'E',19,b'E4',9,20,97,2,2,2,3,3,3,4
1001,1,b'E',19,b'E4',9,19,97,2,2,2,3,3,3,4
1002,1,b'E',19,b'E4',9,15,97,2,3,4,5,6,6,7
1003,1,b'E',19,b'E4',9,21,97,1,1,1,2,2,2,2
1004,1,b'E',19,b'E4',9,1,97,2,3,4,5,6,7,8
